1.1,29,385.8,126.6,2600,97.87,29
1.3,29,385.9,126.3,2606,100.12,29
1.1,29,385.7,126.5,2599,100.26,29
1.2,29,385.4,126.4,2591,126.82,29
1.1,29,385.6,126.4,2607,149.11,29
1.1,29,385.6,126.4,2610,149.88,29
1,29,385.7,126.5,2610,150.12,29
1,29,385.5,126.4,2595,149.53,29
1,29,385.6,126.3,2595,149.62,29
1.3,29,385.5,126.3,2599,150.22,29
1.3,29,385.6,126.2,2609,150.38,29
1.4,29,385.6,126.1,2609,150.89,29
1.4,29,385.2,126.3,2609,150.89,29
3.6,29,385.3,126.2,2625,150.37,29
3.5,29,385.2,124.7,2638,150.03,29
4.4,29,385.6,126.3,2619,150.75,29
1.4,29,385.5,126.2,2604,150.66,29
1.2,29,387.1,127.7,2588,150.23,29
0,29,387.4,127.5,1785,149.97,29
0,29,388,127.5,1782,150.31,29
0,29,388.8,127.5,1775,150.31,29
0,29,388.7,127.8,1781,150.4,29
0,29,389.4,127.5,1778,150.74,29
0.5,29,389.9,127.5,1789,182.9,29
0.3,29,389.9,127.1,1795,199.93,29
0.3,29,390.7,127.1,1797,199.85,29
0.2,29,390.6,127.5,1806,200.08,29
0,29,390.7,127.5,1808,200.35,29
0,29,390.8,127.4,1802,200.44,29
0.1,29,390.7,127.4,1800,200.36,29
0.2,29,391.2,127.2,1802,200.53,29
0.6,29,391.6,127,1800,200.44,29
0.8,29,391.4,126.6,1797,200.2,29
0.6,29,391.6,126.8,1795,200.36,29
0.7,29,392.4,126.8,1797,201.7,29
0.6,29,392.9,126.7,1799,246.19,29
14.7,29,392.3,126.8,1904,290.07,29
16.8,29,387.6,113.3,2889,33.65,29
16.9,29,386.1,107.8,3065,32.66,29
17.2,29,386,106.7,2963,33.71,29
20.6,29,385.8,102.7,3030,32.31,29
20.1,29,385.8,100.9,2959,19.43,29
16,29,385.8,105.9,3040,34.07,29
15.2,29,385.6,106.4,2979,34.25,29
14.7,29,385.8,106.5,2928,34.28,29
15.6,29,386.1,117.5,2922,34.29,29
10.2,29,386.6,116.9,2682,34.04,29
10.2,29,386.4,112.5,2838,34.17,29
9.4,29,386.3,113.1,2812,34.48,29
10.6,29,386.2,110.8,2823,34.31,29
11.1,29,386.1,110.3,2861,34.86,29
13.2,29,386.1,109.9,2846,39.2,29
13.8,29,386.1,107.3,2843,39.12,29
13.9,29,386.2,107.2,2877,39.16,29
13.6,29,386.4,107.2,2844,39.21,29
13.9,29,386.1,107.2,2884,38.96,29
13.8,29,386.1,107.6,2916,39.23,29
12.8,29,385.9,108.9,2927,39.03,29
13,29,386.4,108.1,2862,38.99,29
13,29,385.8,108,2831,39.1,29
13,29,386.1,108.2,2823,39.18,29
13.4,29,386,111,2858,39.35,29
12.7,29,386.1,111.8,2828,39.16,29
8.7,29,386.2,113.8,2743,39.08,29
7.9,29,385.7,113.5,2744,38.86,29
7,29,385.4,114.5,2719,39.39,29
8.1,29,385.5,114.3,2745,38.79,29
7,29,384.8,114.2,2727,39.07,29
7.5,29,385.3,117.8,2704,39.28,29
7.3,29,385,117.1,2750,39.05,29
8.2,29,385.6,113.6,2749,38.86,29
9.3,29,391.2,124.6,2697,37.77,29
10.1,29,387,118.3,2698,38.4,29
10.1,29,384.9,118,2758,38.44,29
9.8,29,383.6,118.4,2736,38.46,29
9.7,29,382.4,118.5,2733,38.31,29
12.9,29,380.9,118.7,2727,38.46,29
14,29,379.2,115.1,2755,38.03,29
13.2,29,378.4,118.5,2758,38.45,29
9.6,29,377.9,119,2722,38.42,29
10.1,29,375.6,118.4,2722,38.35,29
10.4,29,374.2,118.7,2735,38.44,29
9.6,29,372.8,118.7,2736,38.49,29
10.3,29,372.1,118.2,2726,38.44,29
10.2,29,371.1,118,2764,38.37,29
10,29,370.6,117.9,2719,38.31,29
10.6,29,370,118.2,2715,38.37,29
10.5,29,368.4,118.4,2711,38.28,29
9.3,29,367.4,118.6,2697,38.3,29
9.3,29,366,118.7,2734,38.49,29
9.4,29,365,119,2687,38.44,29
9,29,364.3,119.1,2678,38.09,29
9,29,362.5,118.9,2670,38.39,29
10,29,362.2,118.8,2688,38.3,29
9.1,29,361.9,119,2671,38.32,29
10.2,29,360.9,118.4,2697,38.48,29
9.8,29,359.4,118.4,2689,38.4,29
10.4,29,358.9,118.5,2738,38.37,29
10.2,29,357.6,118.2,2724,38.3,29
10.1,29,357,118.9,2719,38.41,29
10.2,29,355.9,118.1,2717,38.34,29
10.4,29,355,118.4,2733,38.48,29
11.6,29,354.6,118.3,2736,38.31,29
11.7,29,353.8,117.6,2782,43.54,29
11.9,29,353.4,117.4,2785,43.84,29
10.9,29,352.5,117.8,2762,43.81,29
10.7,29,352.3,117.9,2735,44,29
12.3,29,351.3,116.7,2781,43.79,29
14.1,29,350.4,116,2781,44.05,29
15.2,29,349.6,114.2,2743,44.01,29
15.5,29,347.8,116.8,2739,44.17,29
12.6,29,347.2,116.5,2739,43.98,29
11.1,29,346.4,117.1,2730,43.95,29
10.9,29,346.1,117.1,2717,43.82,29
11.1,29,343.9,116.9,2718,43.71,29
11.5,29,342.6,116.8,2728,43.82,29
10.8,29,342.9,117.3,2722,43.82,29
5,30,352.4,125.3,2482,15.08,30
11.5,30,350.7,121.9,2728,43.74,30
12.4,30,343.8,116.6,2743,44,30
12.4,30,342.6,116.5,2740,44,30
11.3,30,341.3,117.4,2774,43.99,30
11,30,340.3,117.9,2761,44.16,30
10.6,30,339.3,117.8,2728,44.06,30
11.8,30,338.7,117.8,2763,43.84,30
10.4,30,338.2,117.8,2747,43.89,30
11,30,337.6,117.4,2738,43.87,30
11.2,30,336.9,117.1,2728,44.16,30
10.7,30,336.2,117.3,2726,43.78,30
11.1,30,336.2,117.2,2724,43.88,30
11,30,335.4,117.1,2724,43.53,30
11.7,30,334.7,116.9,2753,43.82,30
11.3,30,334.8,117.4,2747,43.87,30
11.6,30,333.4,117.1,2767,44.02,30
11.2,30,333,117.6,2756,43.9,30
11.1,30,333.1,117.4,2733,44.14,30
10.6,30,331.6,117.6,2709,44.02,30
10.4,30,331.4,117.5,2708,44.09,30
10.2,30,330.8,117.7,2704,44.06,30
10.1,30,330.4,117.8,2706,44.14,30
14.5,30,330.2,117.5,2736,43.93,30
13.9,30,329.6,114.2,2712,43.88,30
13.1,30,329.3,117.7,2715,43.89,30
11.7,30,329.1,117.5,2739,44.7,30
10.7,30,329,117.7,2716,44.91,30
9.9,30,327.7,117.9,2694,44.57,30
10.8,30,325.2,117.7,2726,44.37,30
11.1,30,326.3,117.5,2732,44.44,30
10.2,30,325.8,117.8,2714,44.49,30
12,30,325.6,117.6,2755,44.49,30
11.1,30,324.5,117.7,2757,44.57,30
11,30,324.2,117.5,2721,44.55,30
10.6,30,323.5,117.4,2708,44.6,30
10.7,30,323.3,117.6,2721,44.5,30
15.8,30,322.7,117.6,2726,44.67,30
19.3,30,322.4,111.5,2829,44.47,30
19.8,30,321.8,116.8,2954,45,30
11.5,30,320.8,116.8,2731,44.37,30
11.5,30,320.7,117.1,2708,44.31,30
11.5,30,320.4,116.8,2715,44.61,30
11.5,30,319.9,116.7,2759,44.7,30
11.4,30,319.4,116.5,2759,44.59,30
11.9,30,318.8,116.8,2763,44.55,30
11.7,30,317.8,116.5,2724,44.74,30
11.7,30,317.6,116.3,2717,44.86,30
12.9,30,316.8,116.4,2717,44.41,30
8.2,30,307.7,126.2,2673,83.39,30
6.9,30,307.3,121.4,2859,82.83,30
6.5,29,305.7,123.6,2854,28.15,29
6.4,30,305.8,123.1,2832,28.13,30
6.4,29,304.7,122.2,2865,28.1,29
6.7,29,304.9,123.6,2824,28.07,29
8.9,29,303.8,122,2830,28.04,29
9.3,29,303.5,120.3,2860,28.08,29
7.1,29,302,122.7,2641,28.01,29
5.6,30,302.5,122.4,2632,28.06,30
5.6,30,302.1,122.3,2628,28.11,30
7.9,29,301.4,122,2675,28.11,29
7.5,29,301.2,121.4,2668,34.61,29
8.3,29,300.1,119.7,2718,43.96,29
8.5,29,300.9,119.2,2718,43.88,29
9.1,29,299.4,119.1,2730,44.25,29
8.9,29,298.5,119.1,2736,44.16,29
8.7,29,297.7,119.6,2733,43.86,29
9.7,29,298.1,144,2676,36.92,29
10.8,29,297.2,139,2741,48.43,29
12.2,29,296,138.6,2772,48.86,29
11.2,29,296.1,138.5,2735,48.78,29
12.2,29,292.7,137.6,2750,48.85,29
11.8,29,293.5,137.8,2751,48.81,29
12,29,294.9,137.5,2723,48.84,29
12,29,294.3,137.6,2735,48.82,29
12.7,29,294,137.3,2715,48.67,29
12.6,29,293.8,136.9,2709,48.51,29
12,29,293.7,137.8,2707,48.75,29
11.7,29,293.3,137.8,2700,48.89,29
11.8,29,291.9,138.1,2705,48.8,29
11.3,29,291.6,137.9,2714,48.52,29
11.7,29,290,137.9,2742,49.29,29
11.1,29,289.8,140.6,2861,49.59,29
8.3,29,290.1,143,2850,29.86,29
9.1,29,288.7,142.6,2783,29.77,29
10,29,290.7,142.6,2863,29.72,29
11.8,29,290.1,140.4,2908,29.74,29
12.6,29,289,137.9,2804,29.75,29
13.8,29,288.7,138.8,2690,49.46,29
13.5,29,286,137.8,2808,59.04,29
13.6,29,287.7,135.9,2801,63.56,29
14.6,29,288.1,135.2,2804,64.8,29
15,29,287.7,134.3,2829,64.57,29
15,29,286.2,134.4,2830,64.63,29
15.8,29,285.7,134.2,2821,64.7,29
15.9,29,285.7,134.2,2817,64.61,29
14.5,29,285.4,138.7,2960,61.3,29
10.2,29,283.7,141.4,2879,29.96,29
10.4,29,285,141.4,2782,29.79,29
10.6,29,283.7,140.8,2857,29.82,29
10,29,280.9,139.5,2908,29.86,29
9.9,29,292.5,140.3,2878,29.98,29
13,29,303.3,139.9,2745,52.35,29
14,29,309.7,135.7,2818,59.49,29
14.6,29,316.7,134.9,2810,59.4,29
14.9,29,322.2,134.2,2828,59.46,29
15.1,29,327.9,134.2,2834,59.49,29
15.1,29,333.8,134.3,2819,59.56,29
15.2,29,339.5,134,2833,59.57,29
15.5,29,344.8,134.2,2847,59.58,29
14.9,29,351.6,134.3,2823,59.34,29
15.6,29,355.5,134,2821,59.44,29
15.4,29,361,133.7,2820,59.42,29
15.1,29,366.4,134.2,2813,59.52,29
16.1,29,371.7,134,2828,59.54,29
16.8,29,376.7,133.7,2812,59.53,29
17.3,29,381.1,132.9,2858,59.67,29
15.8,29,386.2,133.7,2831,59.43,29
19.8,29,391.5,133.7,2799,59.48,29
20.1,29,397.6,129.3,2800,59.39,29
19.7,29,401,133.9,2800,59.57,29
15.8,29,404.7,133.7,2793,59.86,29
15.6,29,409,134.1,2794,59.93,29
15,29,412.7,134.3,2781,60.21,29
14.8,29,416.8,134.5,2784,59.56,29
14.6,29,420.2,134.6,2787,59.82,29
14.9,29,425,134.3,2780,59.9,29
15.2,29,428.7,134.2,2776,59.98,29
15.1,29,432.6,134.2,2766,59.96,29
15,29,435.7,134.4,2764,59.8,29
15.7,30,440.6,134.7,2769,59.87,30
15,30,444.5,134.7,2773,59.94,30
14.4,30,447.5,135.6,2767,60.29,30
14.2,30,452,135.4,2743,59.6,30
14.5,30,452.5,135.1,2769,60.06,30
15.8,30,450.8,134.3,2773,59.62,30
15.8,30,449.9,137.9,2853,59.63,30
10.8,30,448.2,139.1,2854,28.95,30
10.1,30,445.2,141.1,2817,28.87,30
11,30,444.9,141.7,2763,28.85,30
10.8,30,444.9,139.6,2831,28.85,30
9.9,30,443.2,139.7,2858,28.89,30
10,30,441.2,139.7,2836,28.9,30
15.4,29,441.1,139.3,2737,65.71,29
11.5,40,445.2,148.4,2692,69.28,40
17.2,40,442.7,138.8,2822,74.36,40
17.2,40,441.2,139.3,2957,74.24,40
14.5,40,439.8,136.8,2882,74.73,40
15.1,40,439.2,136.1,2880,74.77,40
15.2,40,437.7,136.1,2886,74.58,40
20.8,40,436.7,135.5,2886,74.31,40
21.1,40,436.1,130.3,2879,74.43,40
21.1,40,434.6,135,2929,74.58,40
15.8,40,434.6,135.6,2900,74.22,40
16,40,434.4,135.4,2887,74.47,40
16.7,40,433.3,134.9,2883,74.57,40
16.8,40,433.4,134.4,2885,74.78,40
18,40,432.9,134.1,2905,74.69,40
18.4,40,433.1,132.9,2880,74.54,40
18.4,40,432.5,133,2909,74.3,40
17.7,40,431.7,133.4,2895,74.52,40
17.5,40,431.3,133.6,2892,74.37,40
17.1,40,430.8,134.2,2888,74.39,40
16.7,40,430.8,134.6,2880,74.36,40
16.9,40,430.7,135,2883,74.41,40
17.3,40,430.2,133.8,2904,74.84,40
17.5,40,430.1,133.5,2915,74.56,40
17.6,40,430.1,133.6,2924,74.68,40
17.4,40,430,133.7,2892,74.26,40
17.9,40,430.1,133.3,2899,74.41,40
17.7,40,429.4,133.3,2910,74.67,40
17.8,40,428.5,133.3,2930,74.53,40
18,40,428.3,133.3,2932,74.45,40
18.1,40,427.5,132.9,2911,74.29,40
18.7,40,427.4,132.9,2911,74.47,40
18.3,40,427.4,133.2,2910,73.6,40
18.6,40,427.1,132.9,2911,75.48,40
18.7,40,427.4,132.5,2913,75.49,40
18.3,40,427.1,132.8,2923,75.49,40
18.7,40,427.2,132.8,2943,75.51,40
18.4,40,426.7,132.7,2914,75.49,40
21.8,40,427.8,132.6,2932,75.5,40
23,40,428,128.6,2928,75.38,40
22.9,40,426.4,131.6,2939,75.45,40
19,40,425.8,132.2,2942,75.49,40
19,40,425.8,132.2,2935,75.45,40
19,40,424.9,132,2933,75.32,40
18.9,40,424.9,132.5,2934,75.28,40
18.5,40,425.2,132.8,2913,75.51,40
18.7,40,424.8,138.5,3009,75.07,40
12.1,40,423,139.6,2950,29.81,40
12,40,422.9,141.6,2916,29.79,40
12.2,40,422.2,141.4,2833,29.85,40
12.2,40,421.7,139.7,2930,29.85,40
9,40,417.7,145,2615,19.83,40
13.5,40,417.7,141.3,3052,43.8,40
13.4,40,417,138.1,3052,43.96,40
15.9,40,416.6,138.8,3017,74.01,40
17.8,40,416.5,134.4,2867,80.86,40
18.3,40,416.4,133,2875,80.22,40
18.5,40,416.5,132.7,2876,80.25,40
18.1,40,415.7,132.8,2872,80.47,40
18,40,415.6,133.1,2871,80.49,40
18.2,40,415,133.1,2884,80.39,40
17.7,40,415,133.3,2884,80.22,40
17.7,40,414.8,133.3,2884,80.09,40
18.1,40,414.5,133.2,2877,80.31,40
18.2,40,414.7,132.9,2885,80.3,40
18.5,40,414.4,132.7,2887,80.4,40
18.3,40,413.8,132.8,2891,80.19,40
18.4,40,413.6,132.6,2890,80.3,40
18.3,40,413.2,132.9,2893,80.39,40
17.9,40,413.4,133.2,2890,80.56,40
22.4,40,413,133.3,2891,80.56,40
23.1,40,412.7,129.3,2892,80.08,40
23.9,40,412.6,131.2,2880,80.41,40
20.2,40,412.3,131.1,2892,80.31,40
19.8,40,412.4,131.9,2900,80.41,40
18.9,40,412.3,133.1,2910,80.51,40
17.8,40,412,133.3,2946,80.53,40
19.1,40,411.5,132.9,2948,80.26,40
19.2,40,411.9,132.1,2945,80.26,40
19.3,40,410.1,131.9,2940,80.4,40
20,40,410.4,131.3,2930,79.95,40
20.2,40,410.2,130.8,2930,80.13,40
20.1,40,409.9,131,2928,80.3,40
20.3,40,410.2,131.3,2928,80.41,40
19.8,40,410.1,131.4,2925,80.19,40
20,40,410.7,131.1,2921,80.13,40
20.3,40,410.3,131,2923,80.31,40
20.6,40,410.4,130.7,2933,80.62,40
20.4,40,410.4,130.8,2930,80.3,40
20.7,40,409.9,130.8,2966,80.18,40
20.6,40,409.6,130.6,2954,80.3,40
20.4,40,409.8,130.6,2940,80.38,40
20.6,40,409,130.6,2937,80.66,40
20.8,40,409.2,130.4,2936,80.44,40
21.3,40,409.2,130,2931,80.12,40
22.6,40,409,129.3,2936,81,40
15.4,40,420.7,143.4,2856,78.44,40
14.7,32,415.5,138.2,2856,75.28,32
12.7,30,412,138.7,2804,48.82,30
12.2,30,410.3,139.2,2801,48.92,30
11.5,30,408.9,139.6,2794,48.73,30
14.7,30,405.7,139.4,2830,48.67,30
16.1,30,405.2,136.1,2872,48.49,30
15.3,30,404.3,139.7,2839,48.75,30
12,30,403,139.9,2813,48.86,30
12.3,30,402.5,139,2816,48.78,30
13.2,30,402.7,138.3,2816,48.89,30
13.6,30,401.9,137.7,2814,48.84,30
13.2,30,402,138,2804,48.91,30
13.2,30,401.3,137.9,2800,48.88,30
12.9,30,401.1,138.7,2804,48.84,30
12.4,30,400.4,138.9,2796,48.69,30
12.5,30,400,138.8,2798,48.89,30
11.8,30,399.8,139.4,2797,48.68,30
11.3,30,399.3,139.9,2786,48.72,30
11.5,30,398.8,139.8,2782,48.68,30
11.5,30,398.8,139.9,2786,48.66,30
11.6,30,398.5,139.8,2780,48.88,30
11.8,30,397.3,139.4,2792,48.88,30
12,30,397.6,139.2,2786,48.73,30
12,30,397,139.6,2784,48.85,30
11.8,30,396.6,139.4,2782,48.85,30
11.9,30,397.9,139.4,2784,48.78,30
11.6,29,397.6,139.4,2780,48.61,29
12.4,30,397.5,139.2,2798,48.71,30
11.9,30,397.1,139.7,2793,48.72,30
11.8,30,396.6,139.5,2779,48.84,30
11.7,30,396.3,139.6,2780,49.8,30
12.1,30,395.6,139.1,2784,49.68,30
12.7,30,396.3,139,2795,49.71,30
12.1,30,395.1,139.2,2795,49.73,30
16.9,30,395.4,138.8,2788,49.89,30
16.6,30,395.4,134.9,2791,49.89,30
16.7,30,394.9,138.8,2792,49.72,30
12.4,30,395,138.8,2809,49.71,30
12.7,30,395,138.5,2825,49.74,30
12.6,29,394.9,138.6,2791,49.75,29
12.3,29,394.7,140.3,2793,49.82,29
11.7,29,394.8,140.2,2769,49.74,29
12,30,394.5,139.1,2777,49.69,30
12.5,30,394.3,138.7,2789,49.72,30
13.1,30,393.2,138,2801,49.9,30
12.7,30,392.6,138.4,2800,49.81,30
14.2,29,392.6,138.3,2842,49.87,29
12.8,30,392.5,138.9,2840,49.76,30
12.1,40,401.6,146.1,2797,49.4,40
12.3,40,397.1,138.8,2806,49.9,40
13.3,40,396.7,142,3034,49.87,40
11.9,40,392.5,140.9,3022,43.37,40
11.6,40,390.5,142.1,2778,34.63,40
11.7,40,390.6,141.4,2684,34.2,40
12.4,40,390.3,140.8,2788,34.17,40
11.1,40,388.7,139.9,2775,34.23,40
14.2,40,388.5,140.2,2744,63.06,40
14.6,40,388.1,136.5,2672,64.63,40
14.8,40,388.1,136.4,2664,64.72,40
15.1,40,388.1,136.4,2676,64.46,40
15.2,40,387.3,136.4,2671,67.39,40
16.1,40,387.5,135.4,2701,69.62,40
16.3,40,387.1,134.9,2703,69.57,40
16.1,40,387.2,135.2,2697,69.5,40
15.8,40,386.4,135.3,2701,69.5,40
15.6,40,389.5,135.6,2698,69.54,40
20.8,40,389.7,135.6,2708,69.3,40
19.7,39,389.3,131.6,2706,69.53,39
19.6,39,389.6,134.9,2705,69.87,39
16.5,39,388.7,134.7,2705,70.15,39
16.3,39,388.9,135.2,2705,70.25,39
17.2,39,388.4,134.9,2730,70.41,39
17,39,388.1,134.7,2734,70.35,39
16.3,39,388.5,134.9,2710,70.09,39
16.3,39,387.9,135,2708,70.16,39
16.8,39,388.4,134.7,2709,70.26,39
20,40,388.1,133.9,2779,70.05,40
18.9,39,387.1,134.6,2781,69.98,39
16.3,39,387.2,134.8,2722,70.24,39
16.3,39,387.2,134.9,2709,70.2,39
16.2,39,386.4,135,2704,70.33,39
16.3,39,386,134.9,2704,70.19,39
16.4,39,385.7,135.2,2710,70.02,39
16.4,39,385.8,134.9,2711,70.15,39
16.6,39,385.6,134.7,2708,70.51,39
16.8,39,385.8,134.7,2708,70.35,39
17.4,39,385.8,134.4,2717,70.57,39
17.3,40,385.6,134.5,2726,70.73,40
16.8,39,385.6,134.8,2718,70.57,39
17.5,39,385.4,134.4,2704,70.48,39
18,40,385.6,133.8,2715,70.44,40
4.5,39,391.6,149.9,2384,22.84,39
11.7,39,390.5,145.6,2639,68.06,39
11.6,39,390.4,139.9,2643,69.42,39
12.7,39,389.1,139.8,2660,69.09,39
14.3,39,388.1,138.2,2680,71.03,39
16.1,40,387,135.8,2768,83.78,40
19,40,386.1,135.3,2767,84.96,40
19,40,385.6,133,2768,84.63,40
18.8,40,385.3,135.3,2773,84.8,40
15.8,39,384.6,135.2,2774,84.13,39
16.6,39,383.9,135,2774,84.2,39
17.1,39,383.8,134,2800,84.03,39
17.4,39,383.5,133.8,2787,84.46,39
17.7,39,383.4,133.5,2786,84.89,39
17.5,39,383.3,134,2805,84.7,39
17.7,40,383.2,133.5,2836,84.63,40
18.2,40,383.2,133.2,2847,84.8,40
18.3,40,382.3,133.1,2860,84.64,40
19,39,382.1,132.9,2898,84.04,39
18.5,40,382.2,132.9,2897,84.04,40
18.2,40,382,133.7,2895,84.38,40
17.5,40,381.8,133.8,2858,84.55,40
17,40,381.9,134.2,2806,84.39,40
16.9,40,381.9,134.3,2798,84.38,40
16.6,40,381.7,135.8,2812,84.79,40
15.3,39,381.7,135.8,2766,84.81,39
15.8,39,381.5,135.5,2769,84.55,39
16.6,40,381.4,134.8,2788,84.38,40
16.8,40,381.4,134.2,2802,84.45,40
16.9,39,381.2,134.3,2824,84.38,39
17,39,381.4,134.2,2823,84.37,39
16.9,39,381.1,134.1,2815,83.61,39
16.9,40,381.1,134,2814,84.62,40
17.4,40,381,133.8,2802,84.89,40
17.5,39,380.3,133.6,2823,84.98,39
17.9,39,380.5,133.7,2809,84.72,39
17.9,40,380.3,133.9,2816,84.89,40
17.3,39,379.9,133.8,2804,84.72,39
21.8,39,380.4,133.7,2815,84.89,39
21.1,39,379.7,130.3,2798,84.98,39
20.6,39,379.8,134.2,2794,84.97,39
17.4,40,380,134,2789,84.72,40
17,39,379.5,134.3,2789,84.8,39
16.5,40,379.3,135,2779,85.15,40
15.6,39,379.3,135.5,2750,84.29,39
15.4,39,379.2,135.7,2750,84.37,39
15.4,40,379.1,135.7,2746,84.37,40
16.5,39,379,135.9,2758,84.21,39
17.3,39,378.5,133.9,2790,85.06,39
17.3,40,378.6,133.8,2784,85.13,40
17.2,39,378.4,134.6,2768,84.29,39
16.7,40,378.6,134.6,2761,84.03,40
16.8,40,378.4,134.4,2765,85.06,40
16.7,40,378.4,134.7,2765,83.87,40
17,39,378.2,134,2772,84.8,39
17.4,40,378.3,134,2766,84.89,40
18.9,40,378.2,133.3,2779,93.78,40
20.6,40,377.6,131.8,2844,99.5,40
21.6,39,378,130,2901,99.32,39
21.8,39,378.1,132.9,2916,99.07,39
19.4,40,377.3,132.3,2871,99.38,40
19.6,40,377.7,132,2861,100.82,40
19.6,39,377.7,131.9,2859,100.47,39
19.2,40,377.2,132.3,2826,100.1,40
19.6,40,377.1,131.8,2789,100.01,40
20.7,40,376.8,131.2,2789,100.69,40
21.7,39,377,130,2806,100.63,39
22,40,376.8,129.3,2826,100.55,40
21.7,40,376,131.5,2842,99.96,40
23.8,40,376.1,131.5,2803,99.79,40
24.2,40,375.7,127.3,2794,98.72,40
24.4,40,375.4,131.1,2830,100.85,40
21,39,375.7,131.2,2825,100.85,39
21.3,40,375.3,137.1,2882,100.6,40
13.4,39,374.3,138.8,2801,43.59,39
11.9,39,373.9,140.8,2783,43.46,39
11.2,39,373.4,142.6,2742,43.5,39
11.7,40,373.9,142.7,2689,43.48,40
10.7,40,374.2,143,2713,43.52,40
11.9,40,373.8,140.2,2749,43.37,40
12.8,39,371.9,139,2798,43.51,39
11.7,39,371.9,142.6,2798,43.37,39
10.4,40,371.9,142.8,2673,43.21,40
10.8,39,372,142.5,2663,43.62,39
11.1,40,371.5,142,2736,43.45,40
10.7,40,370.6,140.9,2760,43.43,40
10.4,39,370.2,141.1,2748,43.53,39
14.9,40,370,141.1,2655,99.45,40
16.9,39,370.2,135.6,2721,101.04,39
17.3,39,370,134.2,2759,101.04,39
17.9,39,369.7,134,2753,101.04,39
18.5,39,370.2,132.9,2778,100.78,39
19.3,39,370.1,132.4,2774,101.21,39
25.1,39,369.6,131.1,2804,100.77,39
24.3,39,369.5,127.8,2906,100.01,39
10.6,40,366.2,141,2778,27.67,40
10.7,40,364.8,141.9,2805,44.09,40
8.8,40,363.7,144.3,2777,43.99,40
7.7,40,362.6,145.5,2652,43.93,40
8.1,39,362.2,145.3,2642,44.07,39
9.3,40,361.1,144.2,2754,44.3,40
12.2,39,360.3,141.7,2774,43.81,39
12,39,359.5,139.9,2780,43.88,39
11.6,40,358.9,142.2,2745,87.78,40
16.2,39,358.9,138.4,2766,123.15,39
19.4,39,359.2,134.2,2853,124.78,39
21,39,358.5,131.2,2870,124.74,39
23.3,39,358.5,129.6,2908,124.95,39
23.9,40,359.1,127.7,2901,124.7,40
20.3,39,358.5,133.8,2964,48,39
21.5,39,358.4,130.2,2915,122.64,39
21.6,40,358.6,130.8,2963,123.41,40
19.9,40,358.8,139.6,2916,107.01,40
11.2,40,358.1,142.1,2820,43.78,40
8.7,40,357.8,145.2,2757,43.79,40
8.5,40,358.6,144.7,2656,44.17,40
9.1,39,358.3,144.2,2665,43.71,39
9.3,40,358.2,143,2743,44.01,40
8.8,40,357.6,143.2,2750,44.04,40
12.6,39,356.7,142.9,2728,97.67,39
15.7,39,356.6,137.6,2714,109.57,39
17.4,39,358,134.5,2771,109.48,39
17.6,39,357.4,133.5,2824,109.49,39
18,40,357.5,133.1,2831,109.24,40
18,39,357.5,133.7,2843,109.58,39
19.2,39,357.8,132.7,2879,109.06,39
18.7,39,357.9,133,2875,108.98,39
18.2,40,357.6,133.5,2841,110.08,40
17.3,39,357.8,134,2837,109.9,39
17.9,40,357.6,133.6,2832,109.74,40
18.9,40,357.5,132.9,2832,109.74,40
19.3,40,357.5,133.3,2868,110,40
22.8,40,357.4,133.5,2825,110.17,40
24.4,40,357.3,128.1,2862,108.82,40
23.6,40,356.7,132.3,2884,110.08,40
21.3,40,357.2,130.9,2965,110.01,40
20.4,40,356.5,131.8,2943,109.07,40
20.3,40,357.1,131.5,2876,110.1,40
21.2,39,356.6,131.7,2848,110.04,39
24.9,40,356.2,129.3,2900,109.96,40
21.7,39,356.3,131.2,2916,108.39,39
21.1,39,356.4,131.1,2867,109.66,39
21,39,356.6,130.2,2855,110.08,39
21.8,39,356.1,129.9,2936,109.38,39
21.1,39,355.9,131,2931,108.9,39
19.7,39,355.8,131.9,2868,110.33,39
19.7,40,355.5,131.9,2852,109.75,40
21.1,40,355.5,130.8,2901,110,40
22.5,39,355.4,129.8,2915,109.92,39
23.3,40,355.2,128.3,2937,110,40
24.2,40,355.3,131.1,2977,110.34,40
22,40,355.2,130.7,2864,109.75,40
24,40,354.6,130.8,2970,108.97,40
22.3,40,355.1,130.4,2941,107.94,40
23.7,40,355,130.4,2930,106.67,40
24.5,40,354.5,131.9,2985,106.58,40
23.2,39,355,128.6,2896,109.82,39
23.2,40,354.9,128.7,2922,109.41,40
22.5,40,354.4,129.6,2938,110.08,40
21.3,40,354.6,130.2,2906,109.92,40
23.1,39,354.8,129.9,2928,109.84,39
23.9,39,354.4,127.6,2908,109.07,39
23.4,39,354.4,128.2,2902,107.27,39
23.8,39,354.6,129.7,2903,109.66,39
25,39,354.5,128,2864,107.44,39
23.5,39,354,130,2772,104.19,39
21.9,40,354,130.6,2836,110.34,40
22.4,40,354.5,129.3,2862,110.94,40
23.4,40,353.9,128.6,2935,111.19,40
23.3,40,354,128.8,2941,107.64,40
22.4,40,353.2,128.9,2881,110.92,40
22.1,40,353.1,130.6,2903,110.84,40
20.3,39,352.9,131.3,2872,111.11,39
22,40,353,130.2,2864,111,40
22.9,40,352.8,128.9,2866,111.1,40
22.8,40,352.9,129.9,2855,110.76,40
22.4,39,353.2,129.5,2843,110.94,39
22.2,40,353,129.9,2856,111.2,40
23.1,39,352.9,128.8,2881,110.17,39
21.9,39,352.7,130.2,2871,111.37,39
21.6,39,352.7,129.7,2843,111.19,39
21.8,39,352.6,130.3,2883,111.01,39
20.6,39,352.6,130.6,2883,111.35,39
22.9,39,352.3,130,2905,111,39
22.8,39,352.3,129.3,2892,110.75,39
21.7,39,352.5,129.5,2871,111.18,39
22.3,40,352.5,129.7,2880,111.17,40
22.8,40,352.2,128.4,2907,110.69,40
23.1,40,351.9,128.5,2883,110.44,40
23,40,351.8,128.6,2871,108.63,40
18.7,39,353.9,142.2,2812,43.62,39
18.5,39,351.5,140.1,2927,43.82,39
10.5,39,348.7,143.9,2855,44.11,39
10.4,39,348.9,142.8,2688,43.76,39
10.4,39,348.3,142.7,2734,44.17,39
14.2,39,346.8,140.7,2803,44.15,39
14.4,39,345.5,137.7,2802,44.21,39
13.7,39,344.6,140.1,2803,47.65,39
18.3,39,344.3,139.4,2738,116.75,39
20.9,39,344.4,131.7,2931,127.94,39
20.6,39,344.1,131.9,2948,111.88,39
20.9,39,344,130.9,2941,112.31,39
20.7,39,344.2,131,2916,112.3,39
20.9,39,344.1,130.9,2894,112.9,39
20.7,39,343.7,130.8,2914,107.77,39
20.7,39,344.1,133.5,2959,107.09,39
20.6,39,343.9,131.4,2929,121.96,39
20.7,39,343.4,131.7,2950,114.7,39
20.6,39,343.7,132.8,2953,116.92,39
20,39,343.6,132.1,2954,116.92,39
20.3,39,343.1,132.8,2956,114,39
20.7,39,343,130.7,2932,115.79,39
22.1,39,342.8,132.6,2953,108.8,39
21.6,39,343,130.7,2928,100.77,39
20.7,39,342.8,130.7,2922,106.27,39
20.8,39,342.6,132.5,2954,105.64,39
20.8,39,342.2,131.4,2926,114.18,39
20.9,39,341.9,130.6,2941,107.18,39
21,39,341.7,134.1,2958,107.3,39
20.1,39,341.5,131.9,2917,121.36,39
20.5,39,341.3,132.3,2951,115.9,39
20.6,39,340.9,131.5,2928,116.67,39
20.4,39,340.5,134,2950,110.67,39
20,39,340.4,133.5,2901,123.4,39
20.6,39,340.2,131,2934,122.72,39
20.5,39,340.4,135,2966,126.77,39
21.8,39,340.1,130.6,2932,127.03,39
22.3,39,340.4,130.7,2897,109.48,39
21.6,39,340.6,130.5,2811,93.52,39
21.5,39,340.6,132.3,2801,100.98,39
22.2,39,340.3,131,2900,115.73,39
21,39,340.5,131,2915,107.82,39
21.5,39,340.3,130.7,2927,105.71,39
21.7,39,340.1,130.4,2940,101.02,39
21.1,39,340.1,130.4,2930,102.57,39
21.1,39,340.2,130.6,2954,104.36,39
20.6,39,339.6,130.8,2926,107.69,39
21,39,339.9,130.8,2929,106.07,39
20.7,39,339.8,130.7,2920,106.83,39
20.4,39,340.4,130.9,2915,109.23,39
21,39,339.8,134.1,2962,109.23,39
20.6,39,339.4,132.7,2892,127.84,39
21.1,39,339.4,130.4,2937,117.74,39
21.3,39,339.3,134.5,2974,102.92,39
20.7,39,342.9,131.9,2854,125.65,39
20.8,39,352.4,135.4,2932,107.69,39
15.2,39,368.7,139.5,2919,55.36,39
11.4,39,385.1,140.5,2788,43.57,39
10.7,39,400.8,142.6,2768,43.78,39
10.8,39,416,142.1,2670,44.05,39
11.1,39,429.3,141.6,2676,44.02,39
12.2,39,440.5,140.8,2764,43.9,39
11.8,39,451.8,140.1,2787,43.9,39
18.1,39,455.2,139.5,2711,114.41,39
20.9,39,460.6,132.1,2847,130.92,39
21.2,39,465.2,130.2,2876,116.47,39
21.2,39,467.6,130.1,2881,109.57,39
21.2,39,467.3,130.2,2874,110.35,39
21.3,39,463.6,130.2,2899,108.98,39
23.2,39,463.6,130.4,2883,105.3,39
21.7,39,461.4,130.2,2747,87.34,39
20.3,39,460.9,132.5,2831,123.82,39
20.5,39,460.5,131.2,2871,123.48,39
20.6,39,459.9,131.2,2886,116.58,39
18.9,39,459.1,138.3,2976,133.03,39
20.8,39,457.4,134.9,2924,134.38,39
21,39,457.5,130.6,2873,130.79,39
22.3,39,456.7,129.9,2908,110,39
21.8,39,456.3,130.6,2873,100.52,39
21.1,39,456.3,130.6,2873,104.54,39
22.5,39,456.8,129.9,2867,104.71,39
21.9,39,456.9,130,2881,99.58,39
21.6,39,457.2,129.9,2860,102.05,39
21.5,39,456.6,130.1,2864,102.83,39
21.5,39,456.7,130,2874,102.41,39
21.6,39,456.5,129.9,2873,102.32,39
21.5,39,455.5,129.8,2870,101.21,39
21.6,39,455.5,129.7,2882,102.57,39
21.7,39,455.5,129.7,2874,99.15,39
21.6,39,455.3,130.1,2870,100.01,39
21.6,39,455.3,130.1,2896,101.71,39
21.8,39,455.2,129.8,2911,101.63,39
21.5,39,454.8,130.4,2881,102.07,39
22,39,454.8,130,2867,101.99,39
22.4,39,454.4,129.9,2877,98.39,39
17.3,40,465.1,146.3,2641,108.39,40
22.9,40,462.1,133.4,2882,148.34,40
23.1,40,460.4,132,2947,147.91,40
20.4,40,459.6,132.3,2947,124.01,40
21.6,40,459.7,132.5,2932,127,40
23.8,40,456.8,131.4,2946,127.34,40
25.5,40,456.7,128.2,2939,113.78,40
24.4,40,455.1,130.3,2902,111.37,40
22.3,40,455,133.1,2957,131.52,40
22.3,40,454.4,134.1,2960,128.96,40
23.6,40,454.4,131.4,2932,136.73,40
23.7,40,453.9,129.5,2936,116.4,40
23.6,40,453.2,129.6,2933,118.63,40
23.4,40,453,131.8,2932,112.14,40
23.8,40,453.1,131.6,2949,122.14,40
23.1,40,452.2,134.4,2971,119.56,40
23.1,40,451.8,132.3,2923,138.1,40
22.8,40,451.4,132,2943,124.69,40
22.2,40,451.6,132,2954,121.7,40
22.2,40,452.2,135.4,2973,131.44,40
22.5,40,451.6,133.7,2958,142.28,40
21.6,40,451.2,139.6,2956,119.56,40
12.5,40,450.9,139.9,2827,44.04,40
12.7,40,449.5,139.7,2819,44.19,40
12.7,40,449.8,140.2,2811,45.09,40
13.6,40,449.1,139.7,2622,51.3,40
13.4,40,449.2,139.2,2630,51.96,40
13.9,40,449.1,138.9,2633,52.08,40
13.5,40,448.2,139.4,2633,51.85,40
13.3,40,448.7,139.5,2621,51.88,40
13.5,40,448.2,139.6,2625,52.05,40
13.4,40,447.7,138.9,2618,51.89,40
13.7,40,447.3,139,2614,52.24,40
13.7,40,447.4,139.3,2613,52,40
13.6,40,446.8,139.1,2602,52.05,40
13.3,40,445.5,139.2,2598,52.15,40
13.1,40,445.7,139.7,2587,52.08,40
16.3,40,445.5,139.5,2586,51.81,40
16.8,40,444.7,136.1,2577,52,40
16.6,40,444.8,140.4,2575,52.24,40
12.4,40,444.1,140,2567,52.12,40
12.2,40,444.1,140.5,2564,51.98,40
11.7,40,444.1,141.4,2551,52.15,40
10.8,40,444.1,142.3,2540,52.37,40
11.7,40,443.9,142.2,2533,52.13,40
14.8,40,443.5,140.4,2581,64.31,40
18.7,40,443.3,137,2705,100.47,40
19.9,40,443.2,133.3,2765,100.35,40
20,40,443.1,132.5,2773,100.68,40
19.9,40,442.9,132.8,2784,100.69,40
20,40,442.3,132.8,2794,100.81,40
19.4,40,442.8,133.3,2795,100.44,40
19.3,40,442.3,133.7,2801,100.44,40
19.6,40,442.2,133.3,2807,100.6,40
20.4,40,442,132.5,2840,100.79,40
20.3,40,442.1,132.7,2853,100.61,40
20.3,40,442.1,132.6,2864,100.52,40
20.1,40,442,133.1,2834,100.6,40
19.7,40,441.9,133.3,2830,100.47,40
14.1,50,438.2,140.5,2503,26.76,50
21.9,50,438.8,137,2743,145.08,50
23.5,50,438.9,132.1,2883,146.04,50
22.6,50,438.2,131.2,2852,142.35,50
23.1,49,438.2,130.6,2880,142.37,49
23.1,50,438.1,129.9,2877,134.35,50
23.7,50,438.2,129.6,2883,134.61,50
22.6,50,438.4,131.8,2891,125.63,50
22.4,50,438.3,132.5,2892,127.17,50
26.3,50,438.1,130.9,2889,130.58,50
26.9,50,438.3,126.6,2887,115.47,50
27.5,50,439.2,135.7,2902,115.62,50
24,50,439.5,134.1,2834,142.88,50
24.4,50,439.4,135.6,2905,143.31,50
21.9,50,438,131.7,2889,143.57,50
22.7,50,438.6,132.3,2893,109.06,50
23.7,50,439.1,134.3,2903,124.52,50
24.2,50,438.1,131.9,2882,144.59,50
23.5,50,438.4,134.9,2903,138.95,50
23.7,50,439.1,134.2,2901,143.56,50
24.4,50,438.6,129.7,2889,144.75,50
23.2,50,438,130.4,2888,117.77,50
25.8,50,438.4,130.2,2883,131.84,50
25.6,50,438.6,134.2,2906,134.12,50
22.9,50,438.5,130.6,2888,143.56,50
24.2,50,437.9,130.4,2882,119.3,50
24.2,50,437.5,130.9,2891,123.32,50
22.3,50,437.5,130.9,2888,115.98,50
22.4,50,437.5,132.7,2890,113.76,50
23.8,50,437.4,133.7,2904,130.32,50
23.6,50,437.2,130.9,2876,143.9,50
23.8,50,437.3,133.5,2896,130.92,50
23.8,50,437.1,132.5,2866,141.6,50
25.2,50,436.5,128.3,2870,140.23,50
25.2,50,436.8,128.1,2882,126.17,50
15.4,44,447.1,145,2527,51.39,44
18.8,49,444.9,141.7,2876,117.86,49
11.1,50,439.9,145.4,2781,44.14,50
10.3,50,438.7,145.2,2644,44.19,50
10.9,50,436.5,144.1,2670,43.75,50
11.5,50,435.7,143.5,2751,43.95,50
14,50,434.3,141.3,2759,43.92,50
13.5,50,432.8,142.4,2761,44.03,50
12.1,50,433.7,144.7,2628,44,50
11.3,50,433.6,143.8,2667,43.82,50
12,50,432.9,143,2758,43.95,50
13.2,50,432.4,141.1,2757,44.01,50
13.8,50,432.1,141.9,2744,44.05,50
14.1,50,431.6,141,2692,43.87,50
14.2,50,431.8,140.9,2752,44.05,50
14.1,50,430.8,141.4,2768,47.02,50
16.2,49,430.4,139.3,2687,100.16,49
17.4,49,430.4,136.5,2738,114.95,49
19.7,49,430.4,135.8,2773,136.81,49
23.3,50,430.2,132.6,2869,139.2,50
24.3,50,430.4,129.3,2902,137.58,50
24.2,50,430.2,129.5,2906,119.9,50
24.5,49,430.7,129.2,2895,120.93,49
24.2,50,430.3,130,2913,112.85,50
23.9,50,430,129.5,2900,112.95,50
23.9,49,430.2,130.3,2883,120.45,49
22.9,50,429.5,131.5,2883,122.03,50
23.1,50,429.8,141.8,2929,129.14,50
18.3,49,429.3,142,2690,117.26,49
22.2,50,429.3,134,2847,129.72,50
23.2,50,429.6,130.2,2900,127.75,50
23.3,50,429.2,131.8,2881,115.88,50
23.6,49,429.1,129.8,2890,126.91,49
24.8,49,429,128.9,2856,116.31,49
24.7,49,428.8,128.3,2860,106.12,49
24.9,49,429.6,128.3,2851,107.35,49
25,49,429.5,128.7,2860,106.84,49
24.6,50,429,129.8,2920,109.75,50
24.5,49,429.8,130.6,2899,102.34,49
24.3,49,429.7,131.4,2768,110.85,49
23,49,429.3,132.4,2870,129.89,49
23.3,50,429.5,130,2902,129.8,50
23.7,50,429.2,129.4,2840,122.9,50
24.2,50,429.4,129.6,2882,113.78,50
25.3,50,428.7,129.2,2885,114.02,50
24.5,50,429.4,128.8,2912,103.42,50
23.7,50,428.9,129.8,2889,114.95,50
23.7,50,429.2,129.6,2895,116.23,50
24,50,429.1,129.3,2873,111.1,50
23.6,50,429.1,129.6,2872,113.07,50
23.4,50,429.4,129.8,2854,114.35,50
24,50,429.2,129.4,2883,114.61,50
24.2,50,428.9,129.4,2906,108.99,50
23.6,50,429.4,129.5,2870,113.28,50
23.9,49,429,129.7,2867,113.08,49
24.4,50,428.6,128.9,2890,110.83,50
24.3,50,428.5,128.9,2882,104.18,50
24.2,50,428.8,128.8,2869,105.36,50
24.2,50,428.6,129.4,2869,107.28,50
23.7,50,428.5,129.6,2853,110.24,50
23.9,50,429.2,129.5,2847,111.28,50
24.2,50,428.9,129.2,2841,107.51,50
24.4,50,428.9,129,2842,106.75,50
24.4,50,429.1,128.8,2853,102.29,50
24.2,50,428.6,129.2,2854,104.6,50
24.7,50,429.1,129,2892,106.12,50
24.4,50,428.8,129,2883,104,50
23.8,50,428.9,129.4,2832,107.63,50
23.4,50,428.8,129.6,2840,112.47,50
25.5,49,428.6,129.6,2821,114.26,49
24.6,49,428.7,129.4,2742,79.54,49
24.1,50,428.3,131.3,2773,116.66,50
23.7,50,428.5,129.3,2824,117.43,50
23.5,49,428.7,129.4,2830,110.17,49
23.5,49,427.8,129.5,2828,110.42,49
23.6,50,427.3,129.5,2863,112.64,50
24.8,50,427.4,129.1,2894,108.63,50
24.9,50,427.5,129.2,2895,98.04,50
23.5,50,427.4,129.7,2824,110.08,50
23.2,50,427.8,129.9,2821,114.37,50
23.9,50,427.1,129.4,2846,111.28,50
24.5,50,427.2,129.7,2863,105.9,50
23.9,50,426.2,131.8,2918,108.2,50
22.9,49,425.9,131.4,2835,118.71,49
23.5,50,426.2,129.9,2836,117.69,50
23.7,50,425.9,129.8,2848,111.71,50
23.1,49,425.9,130.2,2812,117.59,49
22.7,50,426.1,130.4,2830,120.37,50
24.6,50,425.9,129.9,2829,120.2,50
24.7,50,425.9,129,2818,102.91,50
23.9,49,426.6,129.2,2820,107.17,49
24.2,49,426,129.2,2831,107.28,49
24.5,49,426.5,128.7,2827,104.79,49
24.1,49,426.9,128.9,2808,89.67,49
24.4,50,426.6,128.7,2796,90.36,50
12.2,50,432.9,149.1,2600,43.83,50
13.7,50,430.9,141.4,2684,43.83,50
13.6,50,428.7,141.4,2783,43.97,50
13.1,50,427.5,140.1,2799,44.02,50
12.5,50,426.3,142.5,2779,43.8,50
13.8,50,425.9,142.3,2701,43.92,50
16.9,50,425.3,138.6,2735,43.96,50
15.7,50,425.1,141,2786,43.79,50
13,50,424.5,142.5,2774,44.3,50
13.8,50,424.2,141.8,2673,44.21,50
15.4,50,424.2,140.2,2688,44.11,50
15.7,50,424.3,138.4,2787,48.75,50
14.9,50,422.5,140.7,2787,48.9,50
13.7,50,423.1,141.4,2685,48.58,50
13,50,423.1,141.8,2664,48.8,50
12.7,50,423.1,141.9,2650,48.67,50
14.3,50,422.9,140.3,2739,59.41,50
17.2,50,422.1,137.8,2670,99.01,50
17.8,50,422.1,135.5,2717,100.19,50
20.9,50,422.3,134.6,2730,100.01,50
21.8,50,422.3,131.6,2776,99.8,50
21.6,50,421.8,131.6,2798,100.13,50
21.4,50,422.2,132.1,2796,108.3,50
20.7,50,422,132.6,2806,111.54,50
20.1,50,421.9,134.5,2784,119.6,50
18.4,50,421.5,135.4,2792,119.6,50
20.5,50,421.7,134.4,2756,119.65,50
22.2,50,421.5,131.7,2799,119.72,50
22.3,50,421.7,130.9,2859,119.6,50
22.1,50,421.4,131,2872,119.66,50
22.2,50,420.7,131.1,2866,122.04,50
22.9,50,421.2,131.1,2916,123.24,50
24.2,50,421.2,130.9,2938,125.63,50
23.7,50,420.3,131.1,2930,125.03,50
24.1,50,421.2,129.6,2962,124.52,50
23.9,50,420.8,129.6,2954,118.37,50
23.8,50,421.1,135.1,2978,119.56,50
25.3,50,421.1,132.6,2856,124.6,50
25.8,51,420.4,128.5,2861,114.7,51
25.2,50,420.4,131.8,2823,120.53,50
23.2,50,420.4,131.2,2863,126.06,50
23.9,50,420,129.4,2924,125.97,50
24,50,420.8,129.4,2921,122.64,50
23.9,50,420.6,129.4,2922,123.58,50
23.8,50,420.5,129.8,2940,123.5,50
23,50,420.2,132,2942,117.35,50
17.7,50,420.3,137.9,2967,98.57,50
18.9,50,420.6,134.9,2783,126.13,50
19.4,50,420.4,133.9,2795,126.05,50
19.6,50,421.4,133.6,2795,126.13,50
21.1,50,420.9,133.1,2904,126.13,50
20.8,50,420.8,132.8,2906,126.08,50
21.1,50,421,133.3,2882,125.83,50
19.8,50,420.9,139.5,2937,123.9,50
13.3,50,421,142.6,2815,59.87,50
12.2,50,421.2,142.4,2646,59.65,50
12.4,50,421.7,142.5,2664,59.6,50
11.9,50,422.9,143,2653,59.41,50
11.7,50,422.8,141.4,2743,59.62,50
11.8,50,422.3,141.5,2742,59.67,50
12.6,50,422.2,143,2728,59.48,50
12.7,50,423.1,141.8,2516,59.65,50
13.1,50,424,141.7,2664,59.6,50
13.8,50,423.9,140.8,2696,59.58,50
14,50,423.4,139.5,2772,59.49,50
13.3,50,423.6,141.5,2771,59.62,50
13.8,50,423.9,141.6,2695,59.46,50
13.9,50,424.6,140.9,2549,59.91,50
17,50,425.1,141.7,2694,60.06,50
17.4,50,424.5,136.9,2759,59.39,50
16.6,50,425,140.5,2766,59.34,50
15.6,50,423.9,140.4,2694,99.92,50
17.1,50,423.7,137.4,2704,101.03,50
17.6,50,425.3,135.7,2735,101.04,50
18,50,424.5,135.4,2773,101.03,50
20.4,50,424.3,134.9,2759,100.69,50
26,50,424.4,131.8,2698,100.81,50
25.8,50,423.9,132.9,2924,97.96,50
20.1,50,424.2,135.1,2912,100.61,50
18.3,50,424,134.8,2760,100.95,50
20.4,50,423.6,134.4,2765,101.04,50
19.7,50,424.6,134.3,2753,115.64,50
18.8,50,424,134.2,2745,121.01,50
20,50,424,133.7,2783,120.93,50
20,50,424.5,133.8,2804,120.6,50
19.1,50,423.7,134.2,2790,120.94,50
20.1,50,423.9,133.7,2772,120.93,50
21.4,50,423.9,132.5,2819,121.19,50
22.8,50,423.6,131.4,2837,120.85,50
23,50,423.9,130.7,2854,120.85,50
23.2,50,423.8,130.7,2869,121.02,50
23.5,50,423.5,130.4,2878,121.1,50
23.4,50,423.8,130.4,2858,130.24,50
25,50,423.9,128.9,2846,130.07,50
12.3,49,438.8,149,2433,53.05,49
21.1,49,435.6,139.2,2707,128.92,49
22.2,49,433.6,131.9,2861,129.82,49
20.7,49,432.4,134.2,2884,129.82,49
18.8,50,429.8,134.3,2838,129.99,50
19.7,50,430.4,134.2,2861,129.39,50
24.6,50,429.2,133.5,2861,126.94,50
22.8,50,428.5,131.6,2846,128.61,50
21.5,50,427.7,134.6,2831,129.22,50
18.5,50,427.2,135.2,2850,129.64,50
21.8,50,426.9,134.7,2846,129.22,50
22.7,50,426.7,131.8,2936,129.21,50
23,50,426.4,131.8,2932,128.36,50
22.9,50,425.4,130.9,2911,129.39,50
23.3,50,424.9,130.8,2958,127.42,50
21.7,50,425,133.3,2962,121.44,50
19.9,50,424.5,134.7,2922,124.82,50
18.9,50,424.4,134.7,2834,128.95,50
18.4,50,424.3,134.9,2836,129.98,50
19.1,50,424.1,134.5,2900,130.07,50
18.8,50,424.2,134.5,2888,130.07,50
19.4,49,424.3,134.1,2898,129.73,49
18.8,50,424.1,134.8,2864,129.3,50
17.9,50,423.6,135.3,2854,129.73,50
17.7,50,423.9,143.5,2919,128.52,50
9.4,50,424.4,145.8,2770,64.03,50
8.3,50,424.4,146.6,2472,63.55,50
8.3,50,424.5,146.9,2627,64.01,50
8.4,50,424.1,146,2620,63.82,50
9.5,50,424.7,144.6,2704,64,50
10.1,50,423.9,143.4,2735,63.85,50
12.3,50,423.2,143.2,2741,63.74,50
18.8,50,424.2,139.9,2682,63.64,50
24.1,50,424.9,133.3,2819,64.22,50
25.3,50,425.3,130,2846,61.31,50
24.8,50,424.9,132.6,2969,53.65,50
24.2,50,424.4,132.3,2803,98.99,50
25.8,50,424.6,128.5,2832,98.65,50
24.6,50,424.7,129.1,2766,61.3,50
24.2,50,424.7,130.7,2632,43.15,50
24.9,50,424.7,130.6,2720,79.31,50
24,50,424.8,130.1,2839,79.91,50
23.9,50,425.1,130.3,2858,107.72,50
24.7,50,425,128.8,2822,104.01,50
24.3,50,425.5,129.8,2758,67.32,50
24.4,49,425.2,130,2796,95.4,49
24.7,50,424.8,129.4,2764,95.06,50
24.1,50,425.3,129.2,2676,59.92,50
24,50,425.5,129.2,2669,51.5,50
23.9,50,425.3,129.6,2693,56.24,50
23.7,50,425.1,129.4,2714,59.11,50
23.7,50,425.7,129.3,2692,61.34,50
23.8,49,425.1,129.5,2706,62.13,49
24,49,425.2,129.3,2686,57.49,49
23.8,49,425.6,129.2,2671,51.32,49
23.6,49,425.1,129.9,2780,76.16,49
23.7,49,425.2,129.7,2818,90.53,49
23.8,50,425.2,129.5,2824,92.75,50
24,49,425.1,129.3,2830,89.67,49
24.3,50,425.2,129.5,2810,81.9,50
23.7,50,425.1,129.8,2801,77.05,50
24.6,51,424.8,130.2,2786,75.11,51
24.6,50,424.8,129.9,2712,64.54,50
23.9,50,424.5,129.5,2675,58.95,50
23.6,50,424.5,129.8,2748,59.7,50
23.7,50,424.3,130.5,2797,77.14,50
23.8,50,425.1,130.1,2818,90.19,50
23.6,49,425.4,129.5,2829,90.44,49
24.8,50,425.2,129.4,2850,91.13,50
25,50,425.1,130.6,2783,71.1,50
21.7,49,425,134.2,2479,35.46,49
29.5,50,425.3,126.7,2789,116.75,50
26.2,50,425.7,128.1,2960,92.48,50
28.8,50,425.3,124.3,2961,129.9,50
26.8,50,425.7,130.4,2996,106.49,50
25.1,50,425.4,127.1,2958,128.68,50
25.3,50,425.5,125.5,2949,117.85,50
25,50,425.4,125.6,2964,117.17,50
27.3,49,425.6,125.2,2952,116.9,49
27.4,50,425.9,126.4,2974,114.89,50
29.8,49,425.9,123.7,2876,117,49
30,49,426.4,127,2985,108.12,49
27.1,50,426.5,125.7,2911,119.97,50
28.4,50,426.6,123.7,2956,117.35,50
27.8,50,426.6,123.8,2956,105.81,50
28.7,50,426.5,129.1,2982,112.21,50
26.8,50,426.7,126.8,2973,119.99,50
26.6,50,426.3,125.7,2951,119.43,50
27.2,50,425.8,125.7,2971,117.83,50
28,50,426.9,123.1,2941,118.36,50
29.7,50,426.7,122.1,2900,105.55,50
29.8,50,426.4,121.7,2874,97.36,50
28.4,50,426.9,128.8,2975,93.99,50
26,50,426.8,126.5,2906,119.62,50
29.1,50,426.4,124,2905,115.72,50
12.4,50,440.2,144.9,2493,46.19,50
19.7,50,437.8,136.3,2806,118.96,50
22.2,50,434.8,129.9,2883,117.94,50
22,50,434.1,130,2848,92.83,50
21.1,50,431.5,129.9,2848,89.26,50
21.2,50,431.2,129.9,2794,80.52,50
24.3,50,429.4,136.4,2663,84.76,50
26.8,50,429.4,124.4,2784,107.13,50
26.1,50,427.8,126.1,2814,102.32,50
26.7,50,427.7,124.5,2867,102.83,50
25.5,50,428.2,125,2908,89.82,50
26.1,50,428.5,124.2,2862,91.19,50
25.6,50,428.2,124.8,2818,75.9,50
25.6,50,428.4,125.1,2842,77.72,50
25,50,428.2,130.2,2973,98.9,50
21,50,427.8,130.3,2941,119.65,50
21.9,50,428.3,129,2953,118.88,50
23.8,50,428.1,128.1,2950,117.25,50
23.5,50,427.8,131.3,2972,115.95,50
18.5,50,428.2,132.1,2970,111.77,50
19.1,50,428.6,131.8,2938,119.6,50
19.3,50,428.2,131.7,2958,119.6,50
20.1,50,428.5,133.2,2977,118.72,50
19.7,50,428.5,131.6,2941,119.68,50
20.1,50,428.9,135.1,2984,117.35,50
20.2,50,429.5,132.2,2950,119.31,50
21.6,50,429.4,134.5,3003,119.31,50
22.8,50,428.8,133.9,2860,117.41,50
25.3,51,428.9,127.9,2961,118.19,51
25.8,50,429.5,131.3,2973,110.59,50
23.2,50,430,129,2918,113.97,50
24,50,430,127.4,2965,115.54,50
22.5,50,429.7,133,2979,115.21,50
21,50,430.1,131,2972,119.68,50
19.7,50,430.3,131,2955,115.9,50
20.1,50,430.6,130.6,2959,116.16,50
20.5,50,431,132.9,2977,117.58,50
23.4,50,430.4,132.1,2911,115.04,50
26.3,50,430.6,125.5,2920,109.48,50
26,50,431,126.9,2901,94.07,50
23.4,50,431,132.5,2984,116.91,50
23.3,50,431.8,131.4,2961,119.4,50
25.5,50,431.8,126.9,2969,114.95,50
25.7,50,431.9,124.8,2963,109.57,50
25.5,50,431.6,128.1,2969,102.14,50
25.4,50,432.3,129.6,2975,111.96,50
25,50,432.1,129.8,2972,117.68,50
23.9,50,432.5,128,2931,120.93,50
24.4,50,432.6,128.3,2967,120.44,50
24.3,50,432.7,129,2972,117.58,50
21.9,50,433,133.5,2983,115.21,50
21.3,50,432.8,132.3,2895,120.46,50
24.5,50,432.4,132.1,2988,117.77,50
22.2,50,432.7,134.4,3000,109.2,50
21.1,50,432.7,133.4,2871,119.11,50
22.9,50,432.8,131.5,2977,119.4,50
24.4,50,432.7,129.8,2906,119.31,50
26.5,50,432.9,125.1,2904,118.45,50
25.6,50,433.3,125.6,2943,93.31,50
25,50,432.8,129.8,2973,101.32,50
25.3,50,433.5,128.1,2969,118.28,50
24.7,50,433.3,128.3,2960,102.36,50
25.8,50,432.9,125,2937,107.69,50
25.8,50,432.9,125.3,2923,90.87,50
25.5,50,433,125.6,2939,103,50
25.9,50,433,124.7,2926,100.48,50
25.8,50,433.2,125.4,2880,79.67,50
25.6,50,432.7,125.6,2922,93.94,50
25.2,50,433,125.2,2934,98.98,50
27,50,432.8,125,2934,100.86,50
26.1,50,432.1,125.6,2904,78.6,50
25.5,50,432.7,127.3,2823,79.3,50
25.5,50,432.6,126.8,2901,107.61,50
25.2,50,432.6,125.5,2902,89.25,50
25.1,50,432.7,125.6,2918,99.12,50
25.6,50,432.5,125,2926,97.94,50
25.7,50,432.7,125.2,2897,86.16,50
24.7,50,433.1,126.2,2894,91.24,50
24.9,50,432.7,125.5,2927,100.72,50
25.1,50,432.5,125.4,2935,101.03,50
24.9,50,431.8,125.4,2926,100.52,50
25.1,50,432.4,125.3,2919,99.07,50
24.9,50,432.2,125.6,2942,97.19,50
25.7,50,431.6,125.2,2906,97.62,50
25.3,50,432.6,126.1,2901,88.09,50
24.7,50,432,126,2959,105.3,50
24.6,50,431.7,125.7,2959,104.79,50
24.7,50,431.7,128.7,2968,113.67,50
24.1,50,431.7,126.8,2970,113.24,50
24.1,50,431.5,129,2974,101.04,50
24.4,50,432,126.9,2949,114.2,50
24.6,50,432.6,128.4,2962,106.5,50
24.8,50,431.2,126.4,2941,114.01,50
24.7,50,431.3,125.6,2954,103.24,50
25,50,431.7,125.5,2942,102.55,50
10.6,50,448.2,143.6,2344,42.95,50
21.4,50,446.9,137.9,2776,119.02,50
23,50,444,133.7,2988,118.96,50
22.3,50,440.3,130.4,2950,119.29,50
22.6,50,439.5,128.1,2969,117.1,50
22.1,50,436,128.2,2966,108.28,50
27,50,436.2,127.7,2968,110.59,50
26.6,50,435.6,124.1,2954,101.48,50
26,50,433.8,125.9,2851,92.01,50
25.8,50,433.6,130.7,2976,103.86,50
12.7,50,431.2,139.5,2816,27.89,50
15.4,50,430.3,137.2,2850,58.76,50
16,50,430.6,135.6,2809,62.98,50
18.7,50,430.6,135,2790,64.09,50
20,50,430.7,133.1,2845,63.82,50
18.9,50,430.7,132.5,2950,64.25,50
18.2,50,429.9,132.9,2949,64.05,50
19.2,50,430.1,133.2,2878,63.82,50
17.1,50,429.9,135.3,2759,63.9,50
16.2,50,430.1,136.2,2847,64.18,50
15.7,50,430.4,136.2,2841,63.7,50
16,50,429.8,134.7,2977,63.95,50
17.3,50,429,134.5,2927,64.18,50
17.4,50,428.5,134.5,2954,64.03,50
15.3,50,428,135.6,2936,63.96,50
14.4,50,427.8,135.7,2912,64.13,50
16.9,50,427.7,135.8,2911,88.97,50
21.3,50,428,132.3,2877,119.39,50
23.1,50,427.7,129.7,2975,118.11,50
22.6,50,428.2,129.4,2969,113.36,50
21.8,50,428.1,128.7,2970,105.6,50
21.3,50,428,139.6,3054,105.01,50
14.1,50,427.7,137,2902,64.83,50
14.9,50,428,137.9,2905,64.52,50
15.1,50,428,136.8,2812,64.55,50
14.6,50,428.8,137.5,2824,64.77,50
14.6,50,428.5,137,2825,64.88,50
14.9,50,428,137.3,2915,64.57,50
17.9,50,427.5,135.3,2914,64.66,50
18.4,50,427.4,131.9,2906,64.68,50
18.1,50,427.1,136.6,2906,82.06,50
20.3,50,427.9,133.7,2859,120.36,50
21.7,50,428,134.4,2999,119.93,50
22.1,50,427.8,130.2,2932,120.84,50
23.6,50,428.2,134.3,2992,120.15,50
21.7,50,428.1,131.3,2964,121.01,50
21.5,50,427.4,132,2977,118.97,50
22.4,50,428.2,132.6,2978,120.42,50
22.1,50,428.3,131.9,2979,119.16,50
21.9,50,427.9,132.1,2950,119.25,50
22.6,50,428,132,2978,119.18,50
22.7,50,428.3,129.4,2973,119.91,50
22.3,50,427.7,129,2969,102.32,50
22.5,50,427.9,133,2985,107.27,50
23.3,50,428.2,132.7,2990,120.76,50
23.6,50,428,131.4,2927,125.04,50
24.6,50,428.5,129.8,2978,124.99,50
24.1,50,429.2,126.6,2966,125.12,50
23.5,50,428.3,131.3,2979,110.85,50
24.1,50,427.7,129.7,2964,125.7,50
24.9,50,428.1,130.6,2987,122.89,50
29.2,50,428.2,124.5,2903,124.93,50
29,50,428.3,125.4,2966,109.06,50
24.6,50,428,132.4,2983,103.16,50
23.7,50,428.8,130.1,2947,125.68,50
23.8,50,428.9,128.9,2975,124.25,50
23.7,50,428.6,131.4,2990,124.1,50
24.2,50,428,127.8,2957,125.7,50
24.5,50,428.6,132.1,2983,120.65,50
26.1,50,428.2,132.8,2982,123.93,50
26.7,50,429.1,136.1,2988,122.96,50
21.6,50,429.6,130.6,2903,123.32,50
22.9,50,429.1,128.5,2949,124.75,50
